{
  "project_info": {
    "project_number": "842926518460",
    "firebase_url": "https://flash-chat-e70d4.firebaseio.com",
    "project_id": "flash-chat-e70d4",
    "storage_bucket": "flash-chat-e70d4.appspot.com"
  },
  "client": [
    {
      "client_info": {
        "mobilesdk_app_id": "1:842926518460:android:7cef73e447d37af04e60b9",
        "android_client_info": {
          "package_name": "com.GuruVishnu.flashchatnewfirebase"
        }
      },
      "oauth_client": [
        {
          "client_id": "842926518460-6llt6qhjob3f7nqmi7d48ij53ujsom60.apps.googleusercontent.com",
          "client_type": 3
        }
      ],
      "api_key": [
        {
          "current_key": "AIzaSyAV-qAMxHfE8CQ4jAlmYBvZPUU3PDXGit8"
        }
      ],
      "services": {
        "appinvite_service": {
          "other_platform_oauth_client": [
            {
              "client_id": "842926518460-6llt6qhjob3f7nqmi7d48ij53ujsom60.apps.googleusercontent.com",
              "client_type": 3
            }
          ]
        }
      }
    }
  ],
  "configuration_version": "1"
}